id,first_name,last_name,email,department,ip_address
1,Wilbur,Corain,wcorain0@xing.com,Accounting,France
2,Jacquie,Backs,jbacks1@java.com,Product Management,Philippines
3,Dolf,Linden,dlinden2@yelp.com,Human Resources,Bangladesh
4,Vicki,Groom,vgroom3@ihg.com,Legal,Colombia
5,Broderick,Sunderland,bsunderland4@msu.edu,Human Resources,China
6,Bret,Capron,bcapron5@weibo.com,Research and Development,Norway
7,Alleyn,Reyner,areyner6@disqus.com,Human Resources,Portugal
8,Pancho,Healeas,phealeas7@sciencedirect.com,Engineering,Japan
9,Barbara,Doul,bdoul8@cocolog-nifty.com,Sales,Russia
10,Kimberli,Bleby,kbleby9@hibu.com,Business Development,China
11,Wolfie,Oakden,woakdena@nih.gov,Research and Development,Indonesia
12,Bette,Cosgreave,bcosgreaveb@newsvine.com,Product Management,Vietnam
13,Heddi,Dawidowsky,hdawidowskyc@51.la,Business Development,Czech Republic
14,Smitty,Gavigan,sgavigand@ca.gov,Business Development,China
15,Reynard,Harrington,rharringtone@chron.com,Accounting,South Sudan
16,Brandie,Pideon,bpideonf@ox.ac.uk,Accounting,Russia
17,Daven,Stickland,dsticklandg@psu.edu,Support,Greece
18,Darlleen,Howlett,dhowletth@va.gov,Product Management,Lithuania
19,Park,Baudou,pbaudoui@webs.com,Accounting,Mexico
20,Hector,Bresnen,hbresnenj@answers.com,Research and Development,Czech Republic
21,Hervey,Risman,hrismank@google.ca,Sales,Honduras
22,Hakeem,Beckinsale,hbeckinsalel@smugmug.com,Accounting,Greece
23,Candi,Nunes Nabarro,cnunesnabarrom@hao123.com,Support,Russia
24,Jasun,Dellenbrook,jdellenbrookn@php.net,Research and Development,Kazakhstan
25,Gwenneth,Bater,gbatero@guardian.co.uk,Human Resources,China
26,Ruperto,Gavaran,rgavaranp@shop-pro.jp,Human Resources,China
27,Sabra,Wilcot,swilcotq@over-blog.com,Sales,Portugal
28,Maddie,Dmtrovic,mdmtrovicr@fc2.com,Engineering,Poland
29,Dalston,Mears,dmearss@ca.gov,Services,China
30,Luisa,Wooffitt,lwooffittt@admin.ch,Human Resources,Cameroon
31,Salvador,Hubner,shubneru@adobe.com,Training,Mexico
32,Cherey,Gilstin,cgilstinv@angelfire.com,Engineering,Thailand
33,Issy,Caplan,icaplanw@webs.com,Research and Development,Sweden
34,Thaine,Lesor,tlesorx@businessweek.com,Human Resources,China
35,Desmond,Harner,dharnery@example.com,Support,South Africa
36,Kenny,Reese,kreesez@reuters.com,Engineering,Russia
37,Brittne,Portal,bportal10@newsvine.com,Services,China
38,Lilia,Rodgier,lrodgier11@ca.gov,Legal,Panama
39,Jamaal,MacEvilly,jmacevilly12@guardian.co.uk,Training,China
40,Phoebe,Regardsoe,pregardsoe13@statcounter.com,Accounting,Russia
41,Cyrus,Dunphy,cdunphy14@xinhuanet.com,Human Resources,Russia
42,Eugenia,Himsworth,ehimsworth15@cbslocal.com,Legal,Madagascar
43,Elisabetta,Maddams,emaddams16@mapy.cz,Training,France
44,Marc,McMeyler,mmcmeyler17@cargocollective.com,Sales,Vietnam
45,Pepillo,Undrill,pundrill18@europa.eu,Training,United States
46,Caren,McEllen,cmcellen19@eepurl.com,Services,South Africa
47,Lainey,Hoy,lhoy1a@com.com,Business Development,South Africa
48,Daile,Dadley,ddadley1b@topsy.com,Training,Albania
49,Lesya,Antonovic,lantonovic1c@state.gov,Training,China
50,Fawnia,Addicote,faddicote1d@accuweather.com,Sales,Japan
51,Lindsy,Iseton,liseton1e@jigsy.com,Human Resources,United States
52,Kimbra,Battson,kbattson1f@gizmodo.com,Human Resources,Philippines
53,Valentijn,Degnen,vdegnen1g@time.com,Sales,Colombia
54,Corny,Dicte,cdicte1h@un.org,Business Development,Czech Republic
55,Patricia,Pauwel,ppauwel1i@seattletimes.com,Legal,Palestinian Territory
56,Jaquenette,Scirman,jscirman1j@addthis.com,Engineering,Indonesia
57,Robbie,Clerk,rclerk1k@facebook.com,Support,Indonesia
58,Pauly,Darrach,pdarrach1l@geocities.com,Product Management,Armenia
59,Sampson,Morland,smorland1m@google.cn,Support,Croatia
60,Kial,Rodolico,krodolico1n@gov.uk,Engineering,China
61,Joshia,Ritmeyer,jritmeyer1o@reuters.com,Support,Tanzania
62,Stearn,Labro,slabro1p@topsy.com,Accounting,Russia
63,Kirby,Fishley,kfishley1q@g.co,Support,Bhutan
64,Susanna,Lorkins,slorkins1r@deliciousdays.com,Human Resources,Argentina
65,Lizette,Bussens,lbussens1s@cdc.gov,Product Management,Finland
66,Harley,Metzig,hmetzig1t@scientificamerican.com,Accounting,China
67,Philly,Kegg,pkegg1u@github.com,Marketing,China
68,Lanie,Cleare,lcleare1v@aol.com,Business Development,Thailand
69,Felicity,Jorn,fjorn1w@chronoengine.com,Services,Colombia
70,Edsel,Mc Gorley,emcgorley1x@un.org,Engineering,Poland
71,Gray,Drescher,gdrescher1y@storify.com,Research and Development,Netherlands
72,Sascha,Corcoran,scorcoran1z@go.com,Training,Nigeria
73,Amble,McKibben,amckibben20@wikispaces.com,Accounting,Peru
74,Elisabeth,Kemshell,ekemshell21@oaic.gov.au,Human Resources,Portugal
75,Nicolais,Kowal,nkowal22@answers.com,Legal,Philippines
76,Holmes,Coenraets,hcoenraets23@nymag.com,Research and Development,French Polynesia
77,Simon,Kinsell,skinsell24@patch.com,Accounting,China
78,Maddie,Viveash,mviveash25@sogou.com,Accounting,China
79,Caritta,Hurford,churford26@de.vu,Services,France
80,Brant,Pearcehouse,bpearcehouse27@webmd.com,Training,Ukraine
81,Pincas,Ionn,pionn28@google.pl,Human Resources,Indonesia
82,Lishe,McArthur,lmcarthur29@joomla.org,Legal,Venezuela
83,Page,Simo,psimo2a@scientificamerican.com,Accounting,Russia
84,Collie,Udall,cudall2b@php.net,Product Management,United States
85,Si,Bigmore,sbigmore2c@bloomberg.com,Engineering,Indonesia
86,Gayle,Daybell,gdaybell2d@tinypic.com,Support,Poland
87,Robin,Blackaller,rblackaller2e@ycombinator.com,Marketing,China
88,Gayel,Gaskins,ggaskins2f@purevolume.com,Marketing,Guatemala
89,Morna,D'orsay,mdorsay2g@forbes.com,Business Development,Philippines
90,Elenore,Farrance,efarrance2h@google.com,Sales,United States
91,Vilma,Scammonden,vscammonden2i@youtube.com,Legal,China
92,Clo,Kezor,ckezor2j@about.com,Engineering,China
93,Morrie,Lobbe,mlobbe2k@xing.com,Training,Brazil
94,Abbott,Ubach,aubach2l@yale.edu,Services,Belarus
95,Archibaldo,Kyteley,akyteley2m@blogtalkradio.com,Human Resources,Bulgaria
96,Ailsun,Kuhn,akuhn2n@amazon.de,Sales,Indonesia
97,Danila,Zouch,dzouch2o@nsw.gov.au,Support,Russia
98,Jackqueline,Tanfield,jtanfield2p@si.edu,Marketing,Indonesia
99,Taffy,Filshin,tfilshin2q@rediff.com,Legal,Poland
100,Carlota,Scholtz,cscholtz2r@aboutads.info,Accounting,Thailand
101,Jarred,Ferrolli,jferrolli2s@ustream.tv,Marketing,China
102,Sybyl,Merrgan,smerrgan2t@alexa.com,Research and Development,Indonesia
103,Cissy,Elmore,celmore2u@guardian.co.uk,Legal,Portugal
104,Abelard,Hurd,ahurd2v@addtoany.com,Product Management,Nigeria
105,Adrea,Hackwell,ahackwell2w@csmonitor.com,Services,China
106,Creigh,Markl,cmarkl2x@multiply.com,Legal,Cape Verde
107,Lionello,Larmuth,llarmuth2y@barnesandnoble.com,Accounting,Madagascar
108,Lesly,Feld,lfeld2z@i2i.jp,Research and Development,Russia
109,Lyssa,Kristiansen,lkristiansen30@google.co.jp,Legal,Portugal
110,Selby,Tuminini,stuminini31@webs.com,Research and Development,Indonesia
111,Bobinette,Imos,bimos32@pinterest.com,Research and Development,Aland Islands
112,Nananne,Meake,nmeake33@economist.com,Accounting,Nicaragua
113,Kara,Grellis,kgrellis34@shareasale.com,Sales,Philippines
114,Mycah,Colliford,mcolliford35@edublogs.org,Marketing,Armenia
115,Germana,Hunting,ghunting36@nytimes.com,Human Resources,China
116,Fina,Wimbush,fwimbush37@irs.gov,Sales,Peru
117,Ricki,Appleford,rappleford38@mit.edu,Marketing,France
118,Darleen,Lynnett,dlynnett39@ft.com,Training,Philippines
119,Warren,Stainson,wstainson3a@rediff.com,Accounting,Latvia
120,Christos,Petran,cpetran3b@ibm.com,Training,China
121,Alexis,Bleackly,ableackly3c@symantec.com,Marketing,Serbia
122,Giuditta,Urpeth,gurpeth3d@bbb.org,Support,Portugal
123,Silvan,Jirek,sjirek3e@globo.com,Support,Peru
124,Obidiah,Olyfat,oolyfat3f@xinhuanet.com,Support,China
125,Marabel,Kampshell,mkampshell3g@irs.gov,Sales,Indonesia
126,Cris,Scammonden,cscammonden3h@istockphoto.com,Legal,Mauritius
127,Marcos,Birk,mbirk3i@jalbum.net,Services,China
128,Albertina,Scholey,ascholey3j@unblog.fr,Services,Canada
129,Bonny,Lithgow,blithgow3k@cornell.edu,Support,Kazakhstan
130,Giselbert,Soigoux,gsoigoux3l@yahoo.co.jp,Product Management,Nicaragua
131,Sibylle,Weathers,sweathers3m@utexas.edu,Product Management,Russia
132,Molly,Bodsworth,mbodsworth3n@gravatar.com,Business Development,Russia
133,Murielle,Martinho,mmartinho3o@g.co,Marketing,Poland
134,Zenia,Skeech,zskeech3p@scribd.com,Support,Tonga
135,Theadora,Wimbury,twimbury3q@tamu.edu,Engineering,Indonesia
136,Angelika,Barnett,abarnett3r@123-reg.co.uk,Support,China
137,Samaria,Culwen,sculwen3s@prweb.com,Legal,Philippines
138,Way,Aloshikin,waloshikin3t@senate.gov,Legal,Mexico
139,Martguerita,Silkstone,msilkstone3u@berkeley.edu,Product Management,Philippines
140,Charmane,Litherborough,clitherborough3v@naver.com,Legal,Afghanistan
141,Cairistiona,FitzGibbon,cfitzgibbon3w@nytimes.com,Support,Syria
142,Glenna,Stenbridge,gstenbridge3x@uiuc.edu,Accounting,Nigeria
143,Madelyn,Daftor,mdaftor3y@slideshare.net,Sales,China
144,Tasia,Pien,tpien3z@wikimedia.org,Sales,Portugal
145,Bertie,Hamblington,bhamblington40@etsy.com,Support,Honduras
146,Anastasia,Scothern,ascothern41@stumbleupon.com,Training,Argentina
147,Shelton,Trousdale,strousdale42@statcounter.com,Human Resources,Indonesia
148,Eleanore,Savoury,esavoury43@e-recht24.de,Research and Development,China
149,Selestina,Favela,sfavela44@t-online.de,Research and Development,United States
150,Emlyn,Etheridge,eetheridge45@plala.or.jp,Marketing,Ireland
151,Cristi,Macon,cmacon46@seesaa.net,Support,Iran
152,Venus,Pettigrew,vpettigrew47@over-blog.com,Sales,Ghana
153,Rica,Passy,rpassy48@etsy.com,Product Management,Colombia
154,Niki,Handke,nhandke49@aol.com,Legal,Colombia
155,Kizzie,Lancett,klancett4a@odnoklassniki.ru,Engineering,Nigeria
156,Wildon,Hachette,whachette4b@mysql.com,Accounting,Palestinian Territory
157,Kaitlynn,Angrave,kangrave4c@tiny.cc,Sales,Brazil
158,Othilie,Prandy,oprandy4d@yolasite.com,Product Management,Bolivia
159,Dwayne,Lindeman,dlindeman4e@arstechnica.com,Research and Development,Sweden
160,Ian,Hazlehurst,ihazlehurst4f@smh.com.au,Business Development,Peru
161,Ciro,Nuzzetti,cnuzzetti4g@etsy.com,Marketing,Finland
162,Danny,Dorro,ddorro4h@godaddy.com,Research and Development,Indonesia
163,Marris,Belfit,mbelfit4i@pagesperso-orange.fr,Sales,Indonesia
164,Filippo,Lambot,flambot4j@privacy.gov.au,Support,Philippines
165,Karolina,De Atta,kdeatta4k@php.net,Human Resources,Zimbabwe
166,Barbi,Sellen,bsellen4l@nhs.uk,Sales,Portugal
167,Beverly,de Verson,bdeverson4m@biblegateway.com,Research and Development,China
168,Sybyl,Trood,strood4n@joomla.org,Training,Ireland
169,Ozzie,Codeman,ocodeman4o@rambler.ru,Research and Development,Croatia
170,Kiley,Oakden,koakden4p@netscape.com,Sales,China
171,Tucky,Hayselden,thayselden4q@imgur.com,Training,Indonesia
172,Johnath,Pickerin,jpickerin4r@technorati.com,Sales,Indonesia
173,Rosalinda,Walewski,rwalewski4s@sogou.com,Training,Ukraine
174,Annora,Banton,abanton4t@theatlantic.com,Research and Development,Bulgaria
175,Agatha,Gorgen,agorgen4u@omniture.com,Engineering,Colombia
176,Porter,Jurzyk,pjurzyk4v@slideshare.net,Marketing,Ireland
177,Jillian,MacNair,jmacnair4w@skyrock.com,Research and Development,United States
178,Tab,Wressell,twressell4x@tumblr.com,Services,Comoros
179,Pail,Bradwell,pbradwell4y@theglobeandmail.com,Marketing,Botswana
180,Zelma,Bentjens,zbentjens4z@so-net.ne.jp,Support,France
181,Delly,Portam,dportam50@about.me,Marketing,Bosnia and Herzegovina
182,Dorisa,Bloxam,dbloxam51@biblegateway.com,Support,China
183,Fredrika,Breddy,fbreddy52@etsy.com,Accounting,Sri Lanka
184,Tyrus,Note,tnote53@jimdo.com,Accounting,Iran
185,Louisa,Tebbut,ltebbut54@gnu.org,Business Development,China
186,Thoma,Ranscomb,transcomb55@nature.com,Support,Philippines
187,Gregorio,Mosedale,gmosedale56@over-blog.com,Marketing,Portugal
188,Cecil,Blenkiron,cblenkiron57@sbwire.com,Sales,Portugal
189,Kit,Einchcombe,keinchcombe58@marriott.com,Research and Development,Colombia
190,Mylo,Polle,mpolle59@bizjournals.com,Accounting,Canada
191,Zea,Rosone,zrosone5a@usa.gov,Services,North Korea
192,Salim,Delepine,sdelepine5b@psu.edu,Sales,Mexico
193,Barclay,Birkbeck,bbirkbeck5c@google.es,Marketing,Malaysia
194,Iseabal,Aish,iaish5d@wisc.edu,Services,China
195,Chelsae,Celli,ccelli5e@fotki.com,Sales,Cuba
196,Angil,MacCaffrey,amaccaffrey5f@reverbnation.com,Support,Canada
197,Sollie,Leindecker,sleindecker5g@scientificamerican.com,Sales,Russia
198,Cecile,Yurkevich,cyurkevich5h@meetup.com,Support,Poland
199,Meridith,Duffree,mduffree5i@theatlantic.com,Legal,Indonesia
200,Liana,Blanking,lblanking5j@answers.com,Accounting,Tunisia
201,Bernete,Chartre,bchartre5k@reference.com,Engineering,Thailand
202,Leopold,Curdell,lcurdell5l@nyu.edu,Sales,Mexico
203,Sephira,Jest,sjest5m@uol.com.br,Research and Development,Azerbaijan
204,Neville,Mellmoth,nmellmoth5n@drupal.org,Marketing,Russia
205,Derrik,Emeney,demeney5o@chronoengine.com,Sales,Philippines
206,Silvano,Patters,spatters5p@soup.io,Services,Vietnam
207,Latia,Fort,lfort5q@china.com.cn,Marketing,Japan
208,Blake,Smalles,bsmalles5r@va.gov,Product Management,Netherlands
209,Udale,Cadell,ucadell5s@a8.net,Research and Development,New Zealand
210,Myca,Dogg,mdogg5t@spotify.com,Legal,Thailand
211,Gwyn,McKew,gmckew5u@scientificamerican.com,Training,Bosnia and Herzegovina
212,Lane,Sexon,lsexon5v@stanford.edu,Research and Development,Cuba
213,Reade,Roomes,rroomes5w@businessinsider.com,Sales,Philippines
214,Inigo,Sainsberry,isainsberry5x@pbs.org,Business Development,Indonesia
215,Ellswerth,Magne,emagne5y@dyndns.org,Training,Czech Republic
216,Isa,Markova,imarkova5z@smh.com.au,Training,Japan
217,Stephannie,Laxson,slaxson60@deviantart.com,Services,China
218,Madelene,Drewitt,mdrewitt61@naver.com,Product Management,Argentina
219,Wandie,Beveridge,wbeveridge62@dailymotion.com,Sales,China
220,Clarissa,Okenden,cokenden63@free.fr,Support,Slovenia
221,Daniele,Lemme,dlemme64@prweb.com,Accounting,Mexico
222,Felicdad,Lapley,flapley65@webeden.co.uk,Accounting,Norway
223,Bonita,Fabbri,bfabbri66@mlb.com,Services,China
224,Niko,Ten Broek,ntenbroek67@scientificamerican.com,Training,Indonesia
225,Theobald,Shorter,tshorter68@pbs.org,Accounting,Antigua and Barbuda
226,Ferdy,Froome,ffroome69@gravatar.com,Accounting,Mali
227,Gilda,Brogan,gbrogan6a@japanpost.jp,Training,Russia
228,Peggie,Dood,pdood6b@w3.org,Training,Greece
229,Hunfredo,Hartzog,hhartzog6c@exblog.jp,Support,China
230,Ruggiero,Hyett,rhyett6d@abc.net.au,Services,China
231,Darcie,Ivanyushin,divanyushin6e@hao123.com,Product Management,Indonesia
232,Margarette,Thornthwaite,mthornthwaite6f@japanpost.jp,Product Management,Brazil
233,Saw,Linck,slinck6g@npr.org,Business Development,Venezuela
234,Charley,Frisby,cfrisby6h@t-online.de,Legal,Portugal
235,Bette-ann,Linnemann,blinnemann6i@prlog.org,Support,South Africa
236,Camella,Roocroft,croocroft6j@mayoclinic.com,Research and Development,China
237,Fannie,Corrison,fcorrison6k@acquirethisname.com,Research and Development,Philippines
238,Tadd,Jenkyn,tjenkyn6l@gizmodo.com,Marketing,South Africa
239,Brad,Cappineer,bcappineer6m@xing.com,Sales,Indonesia
240,Marlowe,Horlock,mhorlock6n@1688.com,Business Development,Czech Republic
241,Westley,Boakes,wboakes6o@1688.com,Marketing,Somalia
242,Gaylene,Tooze,gtooze6p@ed.gov,Engineering,Russia
243,Gualterio,Cochran,gcochran6q@wikispaces.com,Business Development,Mali
244,Madalyn,Colbourn,mcolbourn6r@theatlantic.com,Legal,France
245,Zelig,Crooke,zcrooke6s@blogs.com,Engineering,Thailand
246,Constantino,Bucksey,cbucksey6t@imgur.com,Engineering,Japan
247,Ambros,Prin,aprin6u@bbb.org,Legal,Russia
248,Gabie,Dolle,gdolle6v@nature.com,Support,Brazil
249,Chevy,Baythrop,cbaythrop6w@printfriendly.com,Marketing,Philippines
250,Tory,Kynett,tkynett6x@webeden.co.uk,Legal,Egypt
251,Maurine,Largan,mlargan6y@dailymail.co.uk,Accounting,Russia
252,Viole,Basini-Gazzi,vbasinigazzi6z@rakuten.co.jp,Engineering,Portugal
253,Arlina,Neicho,aneicho70@jiathis.com,Accounting,Peru
254,Roxanna,Pawlicki,rpawlicki71@google.com.br,Marketing,Portugal
255,Jodi,Baldin,jbaldin72@deviantart.com,Accounting,Poland
256,Kaylee,Wareham,kwareham73@sohu.com,Support,Japan
257,Dorelia,Matiebe,dmatiebe74@ed.gov,Sales,Philippines
258,Alphard,Riach,ariach75@eventbrite.com,Support,United States
259,Fey,Lorek,florek76@slate.com,Engineering,United States
260,Jo-ann,Stave,jstave77@businessweek.com,Training,Brazil
261,Gloria,Insko,ginsko78@hhs.gov,Training,Indonesia
262,Rupert,Poznanski,rpoznanski79@mlb.com,Sales,Philippines
263,Cindy,Steeden,csteeden7a@bloomberg.com,Support,China
264,Emmanuel,Whittet,ewhittet7b@msn.com,Product Management,Portugal
265,Thorin,Burnel,tburnel7c@infoseek.co.jp,Support,Poland
266,Cherida,Lynskey,clynskey7d@go.com,Services,United States
267,Bourke,Hedgeley,bhedgeley7e@blogs.com,Support,Mongolia
268,Beniamino,MacCafferty,bmaccafferty7f@topsy.com,Services,Brazil
269,Datha,Laurenceau,dlaurenceau7g@jiathis.com,Engineering,Russia
270,Kellie,Pollicote,kpollicote7h@discovery.com,Services,Russia
271,Justina,Echlin,jechlin7i@macromedia.com,Business Development,Poland
272,Fulvia,Micheau,fmicheau7j@bbb.org,Accounting,Greece
273,Quintina,Fawdrey,qfawdrey7k@ycombinator.com,Engineering,Russia
274,Klement,Le feaver,klefeaver7l@artisteer.com,Engineering,Peru
275,Stavros,Dondon,sdondon7m@stanford.edu,Marketing,Brazil
276,Athene,Faulks,afaulks7n@who.int,Product Management,Indonesia
277,Lainey,Scuffham,lscuffham7o@mac.com,Sales,Thailand
278,Prince,Dackombe,pdackombe7p@jiathis.com,Sales,Brazil
279,Arch,Poizer,apoizer7q@seattletimes.com,Business Development,Indonesia
280,Giulio,Widd,gwidd7r@house.gov,Support,Bhutan
281,Sutton,Scriver,sscriver7s@dion.ne.jp,Legal,China
282,Natka,Ayce,nayce7t@mediafire.com,Services,Portugal
283,Harri,Shawdforth,hshawdforth7u@sourceforge.net,Support,United States
284,Gracie,Balm,gbalm7v@gizmodo.com,Marketing,Nigeria
285,Hetty,Wilshaw,hwilshaw7w@acquirethisname.com,Services,Chad
286,Orelia,Byard,obyard7x@imdb.com,Training,Russia
287,Joana,Huddy,jhuddy7y@ed.gov,Engineering,Sweden
288,Loni,Sanpher,lsanpher7z@godaddy.com,Research and Development,China
289,Vivien,Inderwick,vinderwick80@flavors.me,Product Management,Brunei
290,Hobey,Snelman,hsnelman81@w3.org,Research and Development,United States
291,Carissa,Whitsey,cwhitsey82@hatena.ne.jp,Accounting,Finland
292,Vincents,Riggey,vriggey83@mashable.com,Marketing,Serbia
293,Chris,Rix,crix84@csmonitor.com,Sales,United States
294,Beth,Howick,bhowick85@sciencedaily.com,Engineering,China
295,Sunny,Gerrens,sgerrens86@cbc.ca,Legal,Indonesia
296,Anselm,Wernher,awernher87@time.com,Support,China
297,Lina,Richie,lrichie88@apache.org,Sales,China
298,Lenee,Rockall,lrockall89@newyorker.com,Human Resources,Guatemala
299,Barris,Ramsell,bramsell8a@slate.com,Legal,Cameroon
300,Charlotte,Gerriessen,cgerriessen8b@bloglovin.com,Services,China
301,Tasia,Bending,tbending8c@lycos.com,Research and Development,Mexico
302,Lorrie,Smallridge,lsmallridge8d@mapquest.com,Research and Development,Poland
303,Graehme,Sego,gsego8e@theguardian.com,Support,Thailand
304,Cybil,Bushell,cbushell8f@huffingtonpost.com,Legal,China
305,Lemuel,Gillions,lgillions8g@deliciousdays.com,Marketing,Kazakhstan
306,Morrie,Buckler,mbuckler8h@blinklist.com,Product Management,China
307,Obie,Franzini,ofranzini8i@sitemeter.com,Human Resources,North Korea
308,Niall,Mosedale,nmosedale8j@purevolume.com,Product Management,Ukraine
309,Hedda,McQuaid,hmcquaid8k@gmpg.org,Research and Development,Russia
310,Leshia,Fitzharris,lfitzharris8l@sun.com,Research and Development,China
311,Obie,Brand-Hardy,obrandhardy8m@toplist.cz,Sales,Tunisia
312,Salim,Flintuff,sflintuff8n@about.me,Accounting,Sweden
313,Dallas,Skerrett,dskerrett8o@oakley.com,Sales,Russia
314,Bealle,Hebner,bhebner8p@tripadvisor.com,Research and Development,Indonesia
315,Pansy,Ganford,pganford8q@sakura.ne.jp,Engineering,Haiti
316,Jonie,Gotcher,jgotcher8r@hp.com,Human Resources,China
317,Anitra,Hallums,ahallums8s@istockphoto.com,Business Development,France
318,Massimiliano,Morales,mmorales8t@biblegateway.com,Business Development,Russia
319,Letisha,Jedrzej,ljedrzej8u@phpbb.com,Sales,Cameroon
320,Virginia,Roxbrough,vroxbrough8v@squarespace.com,Accounting,China
321,Jules,Chadband,jchadband8w@webeden.co.uk,Support,Czech Republic
322,Cariotta,Poole,cpoole8x@free.fr,Sales,Mongolia
323,Palm,Raiment,praiment8y@youku.com,Product Management,Japan
324,Myrvyn,Argile,margile8z@ca.gov,Engineering,Japan
325,Sandor,Oak,soak90@flavors.me,Marketing,Czech Republic
326,Doreen,Shane,dshane91@vkontakte.ru,Support,France
327,Ophelia,Zemler,ozemler92@edublogs.org,Engineering,Indonesia
328,Even,Schouthede,eschouthede93@huffingtonpost.com,Product Management,Vietnam
329,Kelcie,Dowe,kdowe94@ask.com,Training,Indonesia
330,Jaymee,California,jcalifornia95@bing.com,Training,Macedonia
331,Bettye,Brambell,bbrambell96@paypal.com,Support,Ukraine
332,Homere,Simondson,hsimondson97@dagondesign.com,Human Resources,France
333,Leonidas,Ciottoi,lciottoi98@paginegialle.it,Legal,Ethiopia
334,Elvina,Branston,ebranston99@multiply.com,Support,Russia
335,Elva,Galley,egalley9a@quantcast.com,Human Resources,Germany
336,Mariya,McClintock,mmcclintock9b@unc.edu,Legal,Peru
337,Carey,De Moreno,cdemoreno9c@nasa.gov,Human Resources,Costa Rica
338,Rory,Wimmers,rwimmers9d@hhs.gov,Training,Greece
339,Kristien,Faughey,kfaughey9e@bandcamp.com,Legal,China
340,Lusa,Andrewartha,landrewartha9f@vistaprint.com,Engineering,Sweden
341,Hartley,Gludor,hgludor9g@admin.ch,Accounting,China
342,Ervin,Cheshir,echeshir9h@omniture.com,Product Management,Russia
343,Abraham,Shilito,ashilito9i@surveymonkey.com,Product Management,Colombia
344,Scot,Murty,smurty9j@shareasale.com,Human Resources,China
345,Gerardo,Jovey,gjovey9k@blinklist.com,Support,Indonesia
346,Carrissa,Gurry,cgurry9l@tumblr.com,Accounting,Sweden
347,Parnell,Jorioz,pjorioz9m@mtv.com,Engineering,Ethiopia
348,Conrado,Corradino,ccorradino9n@pcworld.com,Support,Canada
349,Hannah,Gerling,hgerling9o@booking.com,Research and Development,Croatia
350,Uriel,Grisbrook,ugrisbrook9p@exblog.jp,Training,Thailand
351,Tan,Fenkel,tfenkel9q@arizona.edu,Services,Ukraine
352,Paten,Corbishley,pcorbishley9r@google.ca,Legal,Poland
353,Leisha,Pietrowicz,lpietrowicz9s@naver.com,Engineering,Argentina
354,Hubey,Codeman,hcodeman9t@nhs.uk,Services,Taiwan
355,Simon,Cowpe,scowpe9u@google.ru,Training,Colombia
356,Giuditta,Sermin,gsermin9v@abc.net.au,Sales,United States
357,Maggi,Barrar,mbarrar9w@ezinearticles.com,Support,China
358,Aurora,MacAlpin,amacalpin9x@google.com,Marketing,Russia
359,Mattheus,Leeburne,mleeburne9y@edublogs.org,Legal,Uruguay
360,Clarice,Kapiloff,ckapiloff9z@indiatimes.com,Engineering,Sweden
361,Remus,McGrill,rmcgrilla0@joomla.org,Business Development,Philippines
362,Eldon,Egel,eegela1@merriam-webster.com,Product Management,Brazil
363,Keely,MacAiline,kmacailinea2@hao123.com,Human Resources,Belgium
364,Blake,Larcier,blarciera3@craigslist.org,Human Resources,China
365,Culver,Kasher,ckashera4@cam.ac.uk,Sales,Indonesia
366,Zarla,Haswall,zhaswalla5@dmoz.org,Accounting,Ireland
367,Gary,Accomb,gaccomba6@arizona.edu,Research and Development,Poland
368,Moss,Nesbitt,mnesbitta7@blogs.com,Business Development,Indonesia
369,Lissa,O'Drought,lodroughta8@studiopress.com,Engineering,Indonesia
370,Loni,Orman,lormana9@statcounter.com,Sales,China
371,Reinhold,Pilley,rpilleyaa@artisteer.com,Training,Cuba
372,Georgena,Gillivrie,ggillivrieab@japanpost.jp,Legal,China
373,Shepard,Clineck,sclineckac@acquirethisname.com,Accounting,Norway
374,Sansone,Rawkesby,srawkesbyad@nymag.com,Research and Development,Indonesia
375,Case,Cranham,ccranhamae@ftc.gov,Accounting,Guatemala
376,Gerhardine,Edworthie,gedworthieaf@upenn.edu,Training,Poland
377,Maia,Simonou,msimonouag@nyu.edu,Business Development,Indonesia
378,Lorianne,Wyllcocks,lwyllcocksah@drupal.org,Business Development,Russia
379,Agosto,Dradey,adradeyai@eventbrite.com,Research and Development,Guatemala
380,Tuckie,Chatain,tchatainaj@senate.gov,Training,China
381,Brigitta,Fautly,bfautlyak@blogtalkradio.com,Human Resources,Colombia
382,Cam,Handy,chandyal@flickr.com,Support,Peru
383,Fianna,Hannon,fhannonam@odnoklassniki.ru,Business Development,China
384,Laurette,Garn,lgarnan@blogger.com,Sales,Paraguay
385,Peggy,Loyd,ploydao@odnoklassniki.ru,Business Development,China
386,Heywood,Enderson,hendersonap@desdev.cn,Legal,Indonesia
387,Margaretha,Daverin,mdaverinaq@chron.com,Research and Development,Philippines
388,Kevon,Brislane,kbrislanear@i2i.jp,Marketing,Montenegro
389,Claribel,de Clerc,cdeclercas@360.cn,Training,Russia
390,Sibeal,Merrilees,smerrileesat@jugem.jp,Services,China
391,Shari,Brookes,sbrookesau@youtu.be,Business Development,Israel
392,Darrelle,Aronovich,daronovichav@reference.com,Product Management,Venezuela
393,Meggy,Southern,msouthernaw@chronoengine.com,Engineering,Indonesia
394,Gabriello,Dracksford,gdracksfordax@sciencedaily.com,Product Management,Dominican Republic
395,Elvira,Tulloch,etullochay@wired.com,Product Management,Bolivia
396,Ruggiero,Dominy,rdominyaz@about.me,Legal,China
397,Mariejeanne,Wolland,mwollandb0@comsenz.com,Support,Russia
398,Lorelle,Hasley,lhasleyb1@amazon.com,Accounting,Albania
399,Denys,Knotte,dknotteb2@walmart.com,Human Resources,Russia
400,Hillard,Tweed,htweedb3@census.gov,Training,China
401,Tessie,Camsey,tcamseyb4@cdc.gov,Sales,China
402,Helga,Poulglais,hpoulglaisb5@google.com.au,Training,China
403,Harrietta,Sigart,hsigartb6@phpbb.com,Legal,China
404,Jaclyn,Perel,jperelb7@disqus.com,Business Development,Indonesia
405,Dawn,Patershall,dpatershallb8@go.com,Support,Philippines
406,Sherry,Gaythor,sgaythorb9@economist.com,Business Development,United States
407,Nerte,Sweeney,nsweeneyba@amazon.de,Marketing,Poland
408,Osborn,Benford,obenfordbb@w3.org,Legal,Morocco
409,Tamiko,Keppin,tkeppinbc@europa.eu,Marketing,United States
410,Sallyanne,Kinnett,skinnettbd@huffingtonpost.com,Legal,Indonesia
411,Matilde,Southeran,msoutheranbe@newsvine.com,Research and Development,France
412,Marylinda,Gerg,mgergbf@telegraph.co.uk,Business Development,Colombia
413,Blane,Barkes,bbarkesbg@phoca.cz,Marketing,Bosnia and Herzegovina
414,Keen,Mustin,kmustinbh@marketwatch.com,Services,China
415,Norton,Stubbley,nstubbleybi@chronoengine.com,Services,China
416,Dianna,Winfield,dwinfieldbj@discovery.com,Services,Poland
417,Zena,Petrovic,zpetrovicbk@digg.com,Legal,Egypt
418,Allissa,Coldbath,acoldbathbl@adobe.com,Research and Development,France
419,Anni,Guilliland,aguillilandbm@seattletimes.com,Marketing,Portugal
420,Theodoric,Trevna,ttrevnabn@pcworld.com,Accounting,South Africa
421,Melitta,O'Fihillie,mofihilliebo@state.gov,Human Resources,Iran
422,Tommie,Goacher,tgoacherbp@geocities.com,Business Development,China
423,Chrisse,Bonnett,cbonnettbq@skyrock.com,Research and Development,Brazil
424,Amelina,Colrein,acolreinbr@multiply.com,Engineering,Armenia
425,Toby,Bohling,tbohlingbs@tumblr.com,Services,China
426,Clemmy,Montier,cmontierbt@youku.com,Marketing,Greece
427,Jacky,Sidle,jsidlebu@va.gov,Marketing,China
428,Guenna,Knappitt,gknappittbv@patch.com,Engineering,Lebanon
429,Arnuad,Verey,avereybw@slate.com,Product Management,Trinidad and Tobago
430,Merill,Clewer,mclewerbx@nhs.uk,Services,Belarus
431,Obie,Salmen,osalmenby@feedburner.com,Legal,Poland
432,Yehudit,Niblett,yniblettbz@amazon.co.jp,Business Development,Poland
433,Hymie,Goadsby,hgoadsbyc0@yandex.ru,Support,Portugal
434,Felice,Gilfoyle,fgilfoylec1@youtube.com,Accounting,Russia
435,Kimberly,Klugel,kklugelc2@usgs.gov,Legal,France
436,Layney,Brant,lbrantc3@quantcast.com,Accounting,Russia
437,Loydie,Mangeot,lmangeotc4@slashdot.org,Human Resources,Jordan
438,Phaedra,Ibeson,pibesonc5@washingtonpost.com,Research and Development,Indonesia
439,Kelcie,Murkus,kmurkusc6@ucoz.ru,Training,Portugal
440,Julienne,Parker,jparkerc7@flickr.com,Sales,Indonesia
441,Eve,Hepher,ehepherc8@i2i.jp,Accounting,Lithuania
442,Goddart,Tyrwhitt,gtyrwhittc9@sciencedirect.com,Training,Indonesia
443,Bobby,Penritt,bpenrittca@pagesperso-orange.fr,Marketing,China
444,Shandy,Roydon,sroydoncb@ucoz.ru,Services,China
445,Jarib,Gealy,jgealycc@networkadvertising.org,Training,China
446,Murvyn,Stonhard,mstonhardcd@desdev.cn,Human Resources,China
447,Norri,Alexandersson,nalexanderssonce@vinaora.com,Engineering,Ukraine
448,Bat,Colecrough,bcolecroughcf@aboutads.info,Human Resources,Poland
449,Debra,Cartmale,dcartmalecg@51.la,Accounting,Mexico
450,Pennie,Waterfall,pwaterfallch@buzzfeed.com,Training,Philippines
451,Sioux,Sanders,ssandersci@tuttocitta.it,Research and Development,Russia
452,Fallon,Garric,fgarriccj@furl.net,Services,Afghanistan
453,Idell,Johananoff,ijohananoffck@comsenz.com,Business Development,China
454,Estelle,Gandley,egandleycl@is.gd,Services,China
455,Sasha,Macknish,smacknishcm@yolasite.com,Training,Mexico
456,Rufus,Kornas,rkornascn@domainmarket.com,Product Management,Honduras
457,Dulcea,Jentgens,djentgensco@seesaa.net,Research and Development,Colombia
458,Vaughan,Crabtree,vcrabtreecp@virginia.edu,Training,Italy
459,Fleming,Kilbane,fkilbanecq@cnet.com,Marketing,Serbia
460,Barbie,Richfield,brichfieldcr@free.fr,Legal,Brazil
461,Suzie,Cranna,scrannacs@noaa.gov,Product Management,Russia
462,Estelle,Cayton,ecaytonct@google.ru,Services,China
463,Blythe,Enderlein,benderleincu@liveinternet.ru,Marketing,South Africa
464,Palm,Lukas,plukascv@godaddy.com,Marketing,Indonesia
465,Joshuah,Saltsberg,jsaltsbergcw@ihg.com,Human Resources,China
466,Scottie,Mowatt,smowattcx@meetup.com,Training,Ukraine
467,Clementia,Harme,charmecy@wunderground.com,Legal,France
468,Emilia,Vasilevich,evasilevichcz@ucla.edu,Engineering,Japan
469,Haslett,Richley,hrichleyd0@tinyurl.com,Accounting,China
470,Lela,Jukubczak,ljukubczakd1@usgs.gov,Business Development,China
471,Lancelot,Rabjohn,lrabjohnd2@yahoo.co.jp,Support,China
472,Tiler,Hanscome,thanscomed3@sakura.ne.jp,Services,Kenya
473,Roy,Hayley,rhayleyd4@illinois.edu,Product Management,Bosnia and Herzegovina
474,Paulina,Fleming,pflemingd5@ed.gov,Research and Development,France
475,Marjy,Dilawey,mdilaweyd6@si.edu,Human Resources,China
476,Reid,Digance,rdiganced7@tripadvisor.com,Research and Development,France
477,Nadiya,Hew,nhewd8@economist.com,Training,Indonesia
478,Noe,Shallcrass,nshallcrassd9@rambler.ru,Services,Peru
479,Xylina,Heningam,xheningamda@prlog.org,Business Development,Russia
480,Julienne,Delos,jdelosdb@deliciousdays.com,Human Resources,China
481,Banky,DeSousa,bdesousadc@php.net,Research and Development,Panama
482,Gene,McRorie,gmcroriedd@sourceforge.net,Human Resources,China
483,Lacy,Nolder,lnolderde@hugedomains.com,Human Resources,Zimbabwe
484,Christiana,Ondrak,condrakdf@fc2.com,Legal,Portugal
485,Belia,Cavee,bcaveedg@mlb.com,Marketing,China
486,Sheela,Charity,scharitydh@eventbrite.com,Support,Portugal
487,Yuri,Ratt,yrattdi@indiatimes.com,Business Development,Slovenia
488,Natalee,Pinson,npinsondj@wikia.com,Legal,Portugal
489,Pierce,Eite,peitedk@cbslocal.com,Services,South Africa
490,Nevin,Howsam,nhowsamdl@timesonline.co.uk,Product Management,China
491,Cleon,Sutor,csutordm@cnn.com,Engineering,Ireland
492,Catharine,Melan,cmelandn@stanford.edu,Marketing,Germany
493,Walsh,Epperson,weppersondo@chron.com,Research and Development,El Salvador
494,Corney,Maharg,cmahargdp@google.it,Business Development,Russia
495,Dorine,Stickels,dstickelsdq@comcast.net,Engineering,Philippines
496,Jewell,Huison,jhuisondr@newsvine.com,Support,Brazil
497,Lorine,Labrum,llabrumds@parallels.com,Legal,Sweden
498,Deloris,Shearn,dshearndt@ucsd.edu,Services,Poland
499,Merci,Chaddock,mchaddockdu@google.com.hk,Accounting,Russia
500,Bern,Roubert,broubertdv@scribd.com,Research and Development,Kiribati
501,Muriel,Southcott,msouthcottdw@delicious.com,Training,China
502,Carri,Florentine,cflorentinedx@nih.gov,Support,Thailand
503,Cherie,Hamal,chamaldy@gmpg.org,Support,Indonesia
504,Zahara,Bleakman,zbleakmandz@arizona.edu,Sales,France
505,Barbaraanne,MacQuarrie,bmacquarriee0@intel.com,Human Resources,Indonesia
506,Kikelia,Ales,kalese1@psu.edu,Training,Poland
507,Roseann,Dinan,rdinane2@printfriendly.com,Legal,Indonesia
508,Aguie,Braksper,abrakspere3@quantcast.com,Services,Tunisia
509,Eloisa,Luther,eluthere4@oaic.gov.au,Engineering,Peru
510,Terza,Ancketill,tancketille5@google.es,Legal,Turkmenistan
511,Jackquelin,Fosbraey,jfosbraeye6@yandex.ru,Services,China
512,Petr,Siburn,psiburne7@ibm.com,Services,China
513,Even,Ferri,eferrie8@netscape.com,Human Resources,China
514,Ruthy,Adamovitch,radamovitche9@engadget.com,Training,China
515,Gwendolyn,Colhoun,gcolhounea@bluehost.com,Product Management,Canada
516,Denice,Augie,daugieeb@xrea.com,Research and Development,Russia
517,Neila,Trivett,ntrivettec@chronoengine.com,Human Resources,Russia
518,Geri,Vidineev,gvidineeved@illinois.edu,Engineering,Ukraine
519,Aile,Quainton,aquaintonee@qq.com,Marketing,Brazil
520,Quintina,Dovidaitis,qdovidaitisef@exblog.jp,Accounting,Zimbabwe
521,Nerte,Leakner,nleaknereg@thetimes.co.uk,Support,Czech Republic
522,Jeannine,MacRirie,jmacririeeh@nih.gov,Research and Development,China
523,Fiann,Arkill,farkillei@umich.edu,Marketing,Philippines
524,Kris,McKague,kmckagueej@i2i.jp,Training,Mozambique
525,Fernando,Snoddin,fsnoddinek@posterous.com,Sales,Sweden
526,Ashlee,Wendover,awendoverel@va.gov,Product Management,Ivory Coast
527,Maribel,Farbrother,mfarbrotherem@europa.eu,Product Management,China
528,Blondell,Pimlock,bpimlocken@list-manage.com,Training,Indonesia
529,Melinda,Bailiss,mbailisseo@rakuten.co.jp,Training,China
530,Sophia,Dimond,sdimondep@thetimes.co.uk,Marketing,Indonesia
531,Luce,Librey,llibreyeq@bloglines.com,Product Management,China
532,Karilynn,Townrow,ktownrower@cam.ac.uk,Support,China
533,Sukey,Juppe,sjuppees@cnn.com,Training,Central African Republic
534,Merralee,Widdowfield,mwiddowfieldet@vinaora.com,Research and Development,Portugal
535,Marco,MacClancey,mmacclanceyeu@webnode.com,Product Management,Colombia
536,Arel,Radbond,aradbondev@edublogs.org,Human Resources,Portugal
537,Brent,Tubb,btubbew@mapy.cz,Services,Argentina
538,Whit,Thomazin,wthomazinex@hostgator.com,Engineering,Russia
539,Elvin,Lowles,elowlesey@microsoft.com,Business Development,Kosovo
540,Nola,Ponten,npontenez@cbsnews.com,Accounting,Sierra Leone
541,Virginia,Terbruggen,vterbruggenf0@ehow.com,Legal,China
542,Noella,Truman,ntrumanf1@webeden.co.uk,Legal,Norway
543,Timothee,Bagnall,tbagnallf2@opera.com,Research and Development,Indonesia
544,Roxine,Soulsby,rsoulsbyf3@yellowbook.com,Services,Philippines
545,Janetta,Sturch,jsturchf4@sfgate.com,Services,Uruguay
546,Corny,Klos,cklosf5@imgur.com,Marketing,Ukraine
547,Goldie,Stedell,gstedellf6@stanford.edu,Legal,Russia
548,Alvera,Beningfield,abeningfieldf7@spotify.com,Sales,Dominican Republic
549,Bonnibelle,Pettican,bpetticanf8@jigsy.com,Services,Sweden
550,Reece,Pedel,rpedelf9@cbsnews.com,Marketing,Ecuador
551,Clayson,Troni,ctronifa@house.gov,Engineering,Brazil
552,Anabelle,Scopyn,ascopynfb@topsy.com,Research and Development,Russia
553,Alysa,Wandrack,awandrackfc@issuu.com,Legal,Honduras
554,Alisa,Oloman,aolomanfd@wikispaces.com,Product Management,China
555,Romy,Matys,rmatysfe@github.com,Training,China
556,Elspeth,Betton,ebettonff@geocities.jp,Engineering,Colombia
557,Aime,Huke,ahukefg@ezinearticles.com,Sales,Greece
558,Urbanus,Lewzey,ulewzeyfh@t-online.de,Accounting,China
559,Tamqrah,Birdwhistle,tbirdwhistlefi@a8.net,Services,France
560,Valentino,Romagosa,vromagosafj@paypal.com,Business Development,Brazil
561,Hortensia,Dunrige,hdunrigefk@skyrock.com,Human Resources,Czech Republic
562,Annora,Gerhardt,agerhardtfl@t-online.de,Product Management,Peru
563,Bernette,Humbie,bhumbiefm@google.ru,Accounting,Brazil
564,Kiersten,Ullock,kullockfn@mysql.com,Sales,Russia
565,Milicent,Graveney,mgraveneyfo@uiuc.edu,Accounting,Peru
566,Jania,Pringuer,jpringuerfp@admin.ch,Marketing,Brazil
567,Gerardo,Bridgens,gbridgensfq@wikimedia.org,Support,Portugal
568,Wyn,Watmore,wwatmorefr@google.ru,Accounting,China
569,Rudd,Dumphrey,rdumphreyfs@google.it,Accounting,Kazakhstan
570,Noah,Hintze,nhintzeft@behance.net,Services,Serbia
571,Ana,Elby,aelbyfu@samsung.com,Legal,China
572,Christiano,Ricoald,cricoaldfv@reddit.com,Training,Indonesia
573,Leela,Cromb,lcrombfw@discovery.com,Support,Czech Republic
574,Thorin,Kluge,tklugefx@umich.edu,Legal,Brazil
575,Elora,Dunmore,edunmorefy@google.fr,Business Development,Indonesia
576,Babbie,Dominico,bdominicofz@disqus.com,Support,Greece
577,Correy,Mordue,cmordueg0@fotki.com,Accounting,France
578,Wini,Chatel,wchatelg1@shareasale.com,Services,Indonesia
579,Judie,Abbey,jabbeyg2@yelp.com,Product Management,United States
580,Hugues,Gaisford,hgaisfordg3@ebay.com,Engineering,China
581,Devondra,Scoggin,dscogging4@bbb.org,Human Resources,China
582,Berta,Leimster,bleimsterg5@amazon.co.jp,Human Resources,Portugal
583,Merrill,Rothert,mrothertg6@un.org,Product Management,China
584,Lena,Demoge,ldemogeg7@skype.com,Sales,Thailand
585,Rosetta,Sweetmore,rsweetmoreg8@discovery.com,Engineering,Poland
586,Cy,Bjorkan,cbjorkang9@miibeian.gov.cn,Engineering,Poland
587,Noella,McIlenna,nmcilennaga@paginegialle.it,Accounting,Sweden
588,Dorey,Kleinschmidt,dkleinschmidtgb@wordpress.com,Services,United States
589,Coralyn,Starsmore,cstarsmoregc@moonfruit.com,Services,China
590,Jemmie,Crayton,jcraytongd@xinhuanet.com,Support,Philippines
591,Cullin,Daborn,cdabornge@livejournal.com,Support,Philippines
592,Averyl,Longley,alongleygf@dedecms.com,Legal,Peru
593,Mack,Chang,mchanggg@a8.net,Accounting,China
594,Virginie,Pepper,vpeppergh@omniture.com,Sales,Portugal
595,Dominick,Brinkley,dbrinkleygi@zimbio.com,Product Management,China
596,Kalil,Cyples,kcyplesgj@washington.edu,Engineering,New Zealand
597,Cedric,Butchers,cbutchersgk@nationalgeographic.com,Accounting,Brazil
598,Connie,Baverstock,cbaverstockgl@va.gov,Product Management,Czech Republic
599,Sanders,Skettles,sskettlesgm@devhub.com,Marketing,Kenya
600,Ruthy,Di Biasio,rdibiasiogn@guardian.co.uk,Engineering,China
601,Robina,Gebhardt,rgebhardtgo@tinyurl.com,Marketing,Indonesia
602,Judah,Shyre,jshyregp@ibm.com,Sales,Suriname
603,Delcina,Lackemann,dlackemanngq@berkeley.edu,Product Management,Thailand
604,Horace,Rallings,hrallingsgr@wufoo.com,Legal,China
605,Clari,Petrowsky,cpetrowskygs@printfriendly.com,Support,Brazil
606,Marmaduke,Olenikov,molenikovgt@liveinternet.ru,Engineering,Afghanistan
607,Asia,Supple,asupplegu@abc.net.au,Support,Russia
608,Anselma,Bracchi,abracchigv@linkedin.com,Research and Development,Philippines
609,Tucker,Daulton,tdaultongw@pinterest.com,Training,Japan
610,Joannes,Clemett,jclemettgx@webnode.com,Research and Development,United States
611,Caryn,Pethrick,cpethrickgy@topsy.com,Marketing,Afghanistan
612,Livvyy,Jurczik,ljurczikgz@sakura.ne.jp,Sales,Poland
613,Cindy,Sommerly,csommerlyh0@geocities.com,Training,Afghanistan
614,Craig,Teasdale,cteasdaleh1@gravatar.com,Research and Development,Portugal
615,Euell,Harbisher,eharbisherh2@g.co,Accounting,Malta
616,Angil,Norree,anorreeh3@washington.edu,Sales,Russia
617,Ermanno,Larrosa,elarrosah4@blog.com,Marketing,China
618,Penni,Yepiskov,pyepiskovh5@ehow.com,Services,Syria
619,Ivette,Yerson,iyersonh6@alexa.com,Engineering,Belarus
620,Annamaria,Conan,aconanh7@bbb.org,Training,China
621,Hamnet,Rosie,hrosieh8@ezinearticles.com,Legal,Colombia
622,Hobey,Cauley,hcauleyh9@bandcamp.com,Product Management,China
623,Clarette,Pattullo,cpattulloha@t-online.de,Support,France
624,Sigismund,O'Scollain,soscollainhb@furl.net,Legal,Brazil
625,Normy,Van Oort,nvanoorthc@ovh.net,Research and Development,Brazil
626,Albertina,Yanshinov,ayanshinovhd@hc360.com,Business Development,China
627,Nola,Smaridge,nsmaridgehe@umich.edu,Human Resources,Indonesia
628,Jennifer,Warrillow,jwarrillowhf@canalblog.com,Legal,Ukraine
629,Fiona,Allwood,fallwoodhg@netvibes.com,Human Resources,Zambia
630,Boone,Brazelton,bbrazeltonhh@upenn.edu,Accounting,Burkina Faso
631,Lorilyn,Buckland,lbucklandhi@about.com,Services,China
632,Thorpe,Shrive,tshrivehj@pcworld.com,Marketing,Indonesia
633,Ruby,Pisculli,rpiscullihk@dyndns.org,Research and Development,Macedonia
634,Louisa,Franz,lfranzhl@bluehost.com,Support,Indonesia
635,Lynda,Marron,lmarronhm@toplist.cz,Accounting,Philippines
636,Winfield,Ravenshear,wravenshearhn@shop-pro.jp,Product Management,Bulgaria
637,Archy,Poore,apooreho@time.com,Product Management,Brazil
638,Aurel,Ruggen,aruggenhp@alibaba.com,Training,Ukraine
639,Gordon,Jirasek,gjirasekhq@ustream.tv,Human Resources,Venezuela
640,Celestine,Cratchley,ccratchleyhr@themeforest.net,Research and Development,China
641,Katharyn,Gepp,kgepphs@businessinsider.com,Human Resources,Indonesia
642,Giuseppe,Carus,gcarusht@yahoo.com,Sales,Russia
643,Antonina,Tottem,atottemhu@time.com,Engineering,Greece
644,Susie,Seyfart,sseyfarthv@google.com,Accounting,Indonesia
645,Jack,Molden,jmoldenhw@accuweather.com,Marketing,Poland
646,Fawne,Blakely,fblakelyhx@ameblo.jp,Engineering,Russia
647,Corbie,Lisamore,clisamorehy@eventbrite.com,Legal,China
648,Issiah,Dundredge,idundredgehz@google.fr,Business Development,Peru
649,Shannon,Rawlings,srawlingsi0@arizona.edu,Accounting,Brazil
650,Kary,Dodsley,kdodsleyi1@amazon.com,Engineering,Iran
651,Dionisio,Blackey,dblackeyi2@barnesandnoble.com,Human Resources,China
652,Cyndie,Bengall,cbengalli3@e-recht24.de,Research and Development,Philippines
653,Neda,Galletly,ngalletlyi4@nsw.gov.au,Accounting,Poland
654,Belinda,Weathers,bweathersi5@hp.com,Product Management,Portugal
655,Vail,Finders,vfindersi6@unc.edu,Support,Estonia
656,Margaux,Mustoe,mmustoei7@ovh.net,Research and Development,Mozambique
657,Shirleen,Dallaghan,sdallaghani8@tiny.cc,Accounting,Indonesia
658,Butch,Butchard,bbutchardi9@nytimes.com,Sales,Taiwan
659,Wendy,Childs,wchildsia@independent.co.uk,Training,Sweden
660,Duky,Frend,dfrendib@huffingtonpost.com,Support,Indonesia
661,Kip,Kingsnod,kkingsnodic@europa.eu,Sales,Brazil
662,Marthena,McPhelimy,mmcphelimyid@time.com,Training,China
663,Ayn,Eilhermann,aeilhermannie@usatoday.com,Sales,China
664,Joni,Maccree,jmaccreeif@g.co,Business Development,Afghanistan
665,Zachery,Cheng,zchengig@geocities.com,Support,Japan
666,Orelie,Morcombe,omorcombeih@slideshare.net,Training,Russia
667,Wileen,Gadsden,wgadsdenii@rediff.com,Research and Development,Colombia
668,Marshal,Penright,mpenrightij@list-manage.com,Business Development,Zambia
669,Frasier,Hedworth,fhedworthik@storify.com,Legal,United States
670,Clayborne,Cussen,ccussenil@infoseek.co.jp,Accounting,Philippines
671,Dody,Brickell,dbrickellim@networksolutions.com,Human Resources,Indonesia
672,Cointon,O'Dwyer,codwyerin@wix.com,Legal,Norway
673,Alison,Geelan,ageelanio@tumblr.com,Business Development,Czech Republic
674,Gwendolyn,Gallo,ggalloip@webnode.com,Accounting,Indonesia
675,Oliver,Haseley,ohaseleyiq@whitehouse.gov,Legal,Indonesia
676,Leeann,Bourgaize,lbourgaizeir@surveymonkey.com,Human Resources,United States
677,Donny,Acklands,dacklandsis@discuz.net,Sales,Australia
678,Zach,Pagitt,zpagittit@dropbox.com,Legal,Portugal
679,Sara,Hearnden,shearndeniu@4shared.com,Marketing,China
680,Pierette,Pinxton,ppinxtoniv@cpanel.net,Human Resources,Portugal
681,Sammy,Klishin,sklishiniw@yellowpages.com,Training,Eritrea
682,Chery,Segot,csegotix@time.com,Human Resources,China
683,Tyne,Persitt,tpersittiy@springer.com,Marketing,Philippines
684,Tanya,Prentice,tprenticeiz@blogtalkradio.com,Human Resources,France
685,Vilhelmina,Teanby,vteanbyj0@apple.com,Engineering,Indonesia
686,Langsdon,Pembery,lpemberyj1@cocolog-nifty.com,Research and Development,Cameroon
687,Christie,Samarth,csamarthj2@wunderground.com,Services,Czech Republic
688,Fred,Madders,fmaddersj3@google.it,Sales,Portugal
689,Jocelyn,Hogbin,jhogbinj4@reverbnation.com,Support,Peru
690,Audrey,Smaile,asmailej5@oracle.com,Engineering,France
691,Leone,Knellen,lknellenj6@cbc.ca,Human Resources,China
692,Shannan,Thornton-Dewhirst,sthorntondewhirstj7@twitter.com,Product Management,China
693,Connie,Kabisch,ckabischj8@mediafire.com,Engineering,Russia
694,Lelah,Messingham,lmessinghamj9@spiegel.de,Human Resources,Russia
695,Pablo,Labro,plabroja@slideshare.net,Services,Indonesia
696,Tara,Jendricke,tjendrickejb@over-blog.com,Product Management,China
697,Sileas,Antognelli,santognellijc@qq.com,Engineering,Indonesia
698,Ag,Shellard,ashellardjd@com.com,Marketing,Thailand
699,Maud,Minci,mmincije@europa.eu,Sales,Indonesia
700,Lamar,Edrich,ledrichjf@istockphoto.com,Legal,China
701,Kathrine,Ganing,kganingjg@wufoo.com,Training,Japan
702,Sullivan,Thompson,sthompsonjh@nps.gov,Product Management,China
703,Barney,Lensch,blenschji@google.com.hk,Product Management,Belarus
704,Marlene,Rishman,mrishmanjj@columbia.edu,Human Resources,Azerbaijan
705,Kendre,Bodocs,kbodocsjk@eventbrite.com,Legal,Indonesia
706,Vasily,Aprahamian,vaprahamianjl@amazonaws.com,Product Management,China
707,Letitia,Fulger,lfulgerjm@blinklist.com,Engineering,Indonesia
708,Lalo,Duchateau,lduchateaujn@nytimes.com,Support,Indonesia
709,Caritta,Storcke,cstorckejo@myspace.com,Product Management,Honduras
710,Wilden,Wadman,wwadmanjp@yellowbook.com,Research and Development,China
711,Perl,Leake,pleakejq@flavors.me,Business Development,China
712,Evyn,Vasilischev,evasilischevjr@youku.com,Research and Development,United States
713,Farlee,MacDermand,fmacdermandjs@aboutads.info,Legal,Bangladesh
714,Selle,Sarney,ssarneyjt@goo.gl,Engineering,Indonesia
715,Rickard,Belhome,rbelhomeju@creativecommons.org,Engineering,Brazil
716,Rasla,Siverns,rsivernsjv@theglobeandmail.com,Support,Azerbaijan
717,Fletcher,Francie,ffranciejw@biglobe.ne.jp,Product Management,Philippines
718,Tammi,Holburn,tholburnjx@1und1.de,Human Resources,China
719,Linet,Flynn,lflynnjy@cbslocal.com,Legal,Ukraine
720,Rosetta,Amiss,ramissjz@discuz.net,Support,Czech Republic
721,Pattie,Bellord,pbellordk0@1und1.de,Business Development,Poland
722,Rosalie,Stappard,rstappardk1@indiatimes.com,Product Management,Greece
723,Paco,Wrightson,pwrightsonk2@cam.ac.uk,Support,Netherlands
724,Manda,Stelli,mstellik3@etsy.com,Legal,Indonesia
725,Chantal,Chomley,cchomleyk4@plala.or.jp,Support,Russia
726,Miles,Gulland,mgullandk5@tinyurl.com,Sales,United States
727,Humphrey,Gartery,hgarteryk6@themeforest.net,Product Management,China
728,Jobye,Grewes,jgrewesk7@storify.com,Services,United States
729,Ev,Ramet,erametk8@salon.com,Support,China
730,Althea,Cawkwell,acawkwellk9@comsenz.com,Human Resources,China
731,Archaimbaud,Hurring,ahurringka@technorati.com,Product Management,Serbia
732,Otto,Domerq,odomerqkb@linkedin.com,Accounting,France
733,Felicle,Leuren,fleurenkc@t.co,Sales,Poland
734,Maribelle,Denning,mdenningkd@webmd.com,Research and Development,China
735,Dal,Lunck,dlunckke@mysql.com,Support,Brazil
736,Kassandra,Varley,kvarleykf@bing.com,Product Management,Indonesia
737,Clem,Friday,cfridaykg@biglobe.ne.jp,Legal,Brazil
738,Minni,Ashlee,mashleekh@statcounter.com,Training,Portugal
739,Prisca,Darkott,pdarkottki@myspace.com,Sales,Philippines
740,Gardiner,Howie,ghowiekj@cpanel.net,Business Development,Belarus
741,Gilli,Huikerby,ghuikerbykk@studiopress.com,Human Resources,Portugal
742,Cheri,Watford,cwatfordkl@engadget.com,Sales,France
743,Rana,Barten,rbartenkm@comcast.net,Research and Development,China
744,Murdock,Crate,mcratekn@jigsy.com,Engineering,France
745,Radcliffe,Plewes,rplewesko@gnu.org,Engineering,Greece
746,Pearle,Scammell,pscammellkp@europa.eu,Marketing,Indonesia
747,Sorcha,Rhymes,srhymeskq@multiply.com,Product Management,France
748,Kalli,Slidders,kslidderskr@ucsd.edu,Human Resources,Philippines
749,Maritsa,Drinkhall,mdrinkhallks@123-reg.co.uk,Human Resources,Slovenia
750,Korry,Falks,kfalkskt@gnu.org,Human Resources,Mexico
751,Zebulon,Ragles,zraglesku@biglobe.ne.jp,Human Resources,China
752,Patty,Mettericke,pmetterickekv@eventbrite.com,Research and Development,Portugal
753,Warren,Alphonso,walphonsokw@businessinsider.com,Product Management,Moldova
754,Alfonse,Earthfield,aearthfieldkx@rediff.com,Marketing,Colombia
755,Malissa,Conrart,mconrartky@nydailynews.com,Engineering,Indonesia
756,Clemmie,Temlett,ctemlettkz@oaic.gov.au,Sales,Sweden
757,Kassie,Van der Daal,kvanderdaall0@un.org,Engineering,Nigeria
758,Ninnetta,Rafter,nrafterl1@google.nl,Business Development,Indonesia
759,Mariele,Doddridge,mdoddridgel2@google.nl,Support,Portugal
760,Clemente,Akers,cakersl3@irs.gov,Human Resources,North Korea
761,Zorina,Garces,zgarcesl4@wordpress.com,Support,Indonesia
762,Ernie,Custy,ecustyl5@twitpic.com,Support,Poland
763,Mahalia,Sawkins,msawkinsl6@mayoclinic.com,Engineering,Latvia
764,Lorelle,Briar,lbriarl7@bluehost.com,Business Development,China
765,Otto,Battye,obattyel8@usnews.com,Product Management,Nigeria
766,Cinnamon,O'Kelly,cokellyl9@pen.io,Sales,Macedonia
767,Evan,Daffern,edaffernla@toplist.cz,Services,South Africa
768,Delbert,Morfield,dmorfieldlb@photobucket.com,Human Resources,Egypt
769,Sean,Bambury,sbamburylc@dailymotion.com,Research and Development,Guinea
770,Bayard,Sickamore,bsickamoreld@usda.gov,Business Development,Pakistan
771,Clare,Wale,cwalele@wunderground.com,Business Development,United States
772,Jackie,Spering,jsperinglf@nytimes.com,Sales,Sri Lanka
773,Haven,Ovitz,hovitzlg@tiny.cc,Business Development,Russia
774,Stanislaus,Blacket,sblacketlh@tuttocitta.it,Engineering,Mongolia
775,Maura,Ousley,mousleyli@ehow.com,Legal,Mexico
776,Tabatha,Scoyles,tscoyleslj@boston.com,Support,Japan
777,Adair,Legendre,alegendrelk@wordpress.org,Sales,Russia
778,Cammi,Raffeorty,craffeortyll@list-manage.com,Research and Development,Russia
779,Terrill,Capron,tcapronlm@people.com.cn,Support,Russia
780,Shawna,Rack,srackln@nsw.gov.au,Research and Development,Philippines
781,Helge,Elfleet,helfleetlo@webs.com,Accounting,China
782,Ruth,Battin,rbattinlp@imgur.com,Training,United States
783,Nadine,Kolis,nkolislq@nifty.com,Product Management,United States
784,Fee,Bagster,fbagsterlr@newyorker.com,Support,China
785,Vera,Hatton,vhattonls@dailymotion.com,Services,Indonesia
786,Hayden,Yeudall,hyeudalllt@sfgate.com,Business Development,Pakistan
787,Halli,Sasser,hsasserlu@tamu.edu,Business Development,China
788,Julienne,Glusby,jglusbylv@prlog.org,Training,Russia
789,Ermanno,Kimmerling,ekimmerlinglw@imageshack.us,Business Development,Ukraine
790,Deirdre,Eliasen,deliasenlx@youtube.com,Services,Indonesia
791,Martin,Agius,magiusly@berkeley.edu,Research and Development,Philippines
792,Bevvy,Sudron,bsudronlz@blogs.com,Research and Development,China
793,Celle,Shorthouse,cshorthousem0@google.co.uk,Product Management,Vietnam
794,Deirdre,Creaven,dcreavenm1@skyrock.com,Engineering,Tunisia
795,Cale,Liddyard,cliddyardm2@tinypic.com,Marketing,France
796,Marnie,Altree,maltreem3@fastcompany.com,Support,China
797,Berni,Lyddon,blyddonm4@netlog.com,Engineering,Czech Republic
798,Sollie,Towson,stowsonm5@i2i.jp,Engineering,Mongolia
799,Gretel,Dibdale,gdibdalem6@mail.ru,Marketing,Russia
800,Kassia,Willoughey,kwillougheym7@chicagotribune.com,Training,Thailand
801,Wilfrid,Bullcock,wbullcockm8@dion.ne.jp,Services,Poland
802,Prudence,Sire,psirem9@kickstarter.com,Services,Peru
803,Sayers,Ridpath,sridpathma@github.com,Product Management,Greece
804,Beltran,Gilbertson,bgilbertsonmb@psu.edu,Accounting,Indonesia
805,Ansell,Linthead,alintheadmc@cocolog-nifty.com,Business Development,Japan
806,Diana,Clubb,dclubbmd@wordpress.com,Support,France
807,Winn,Dash,wdashme@hp.com,Marketing,Nigeria
808,Enriqueta,Jedraszek,ejedraszekmf@miitbeian.gov.cn,Accounting,China
809,Kelley,Tinsey,ktinseymg@free.fr,Marketing,Indonesia
810,Dewain,Stonary,dstonarymh@posterous.com,Services,Indonesia
811,Joscelin,Kiddle,jkiddlemi@baidu.com,Legal,Tanzania
812,Evangelin,Thursfield,ethursfieldmj@tripod.com,Legal,China
813,Dean,Stopforth,dstopforthmk@mtv.com,Product Management,Macedonia
814,Matthew,Wilkerson,mwilkersonml@wunderground.com,Engineering,Greece
815,Edithe,Dossetter,edossettermm@icio.us,Marketing,Vietnam
816,Ursulina,Malia,umaliamn@salon.com,Business Development,China
817,Diana,Finlayson,dfinlaysonmo@narod.ru,Research and Development,Russia
818,Liam,O' Molan,lomolanmp@bbb.org,Product Management,Philippines
819,Evanne,McCumesky,emccumeskymq@last.fm,Research and Development,Philippines
820,Elinor,Maffioletti,emaffiolettimr@google.com,Accounting,China
821,Rey,Regnard,rregnardms@t.co,Accounting,Indonesia
822,Melisenda,Adolphine,madolphinemt@imageshack.us,Marketing,Indonesia
823,Trev,Beardwood,tbeardwoodmu@blogs.com,Legal,China
824,Erhart,Stoute,estoutemv@nytimes.com,Human Resources,Macedonia
825,Fabien,Vaux,fvauxmw@google.com.br,Human Resources,Philippines
826,Ariela,Furley,afurleymx@amazon.co.uk,Services,China
827,Claresta,Baudichon,cbaudichonmy@xinhuanet.com,Engineering,Colombia
828,Carolyne,Yu,cyumz@discovery.com,Support,Croatia
829,Holt,Merlin,hmerlinn0@mail.ru,Legal,Argentina
830,Michale,Kempster,mkempstern1@oracle.com,Support,Vietnam
831,Carolynn,Kardos-Stowe,ckardosstowen2@google.pl,Marketing,Afghanistan
832,Germain,Kliement,gkliementn3@mapquest.com,Sales,Poland
833,Gottfried,Geyton,ggeytonn4@geocities.com,Legal,United States
834,Felita,McMenemy,fmcmenemyn5@wired.com,Legal,Norway
835,Cherise,Risdall,crisdalln6@tuttocitta.it,Marketing,Nigeria
836,Tedi,Winslet,twinsletn7@netlog.com,Business Development,Indonesia
837,Orel,Murkus,omurkusn8@tinyurl.com,Marketing,China
838,Arch,Farquhar,afarquharn9@marketwatch.com,Support,United States
839,Tarra,Melior,tmeliorna@creativecommons.org,Sales,Germany
840,Kristian,Jaquet,kjaquetnb@eepurl.com,Research and Development,Republic of the Congo
841,Jay,Duignan,jduignannc@businesswire.com,Marketing,Peru
842,Jenda,Kluger,jklugernd@123-reg.co.uk,Sales,Finland
843,Barrie,Aisthorpe,baisthorpene@lulu.com,Support,China
844,Vania,Averill,vaverillnf@1688.com,Marketing,Russia
845,Laryssa,Inkle,linkleng@nps.gov,Training,China
846,Brinna,Assard,bassardnh@shop-pro.jp,Training,Indonesia
847,Carline,Eicke,ceickeni@gov.uk,Human Resources,China
848,Hilario,Power,hpowernj@admin.ch,Services,China
849,Gabriela,Capaldi,gcapaldink@vkontakte.ru,Legal,Philippines
850,Loralee,Caston,lcastonnl@va.gov,Business Development,Poland
851,Leoine,Diament,ldiamentnm@xing.com,Human Resources,Djibouti
852,Dom,Lear,dlearnn@shop-pro.jp,Services,Poland
853,Glenine,Burroughes,gburroughesno@example.com,Sales,Canada
854,Ellie,Denslow,edenslownp@hubpages.com,Support,Canada
855,Robby,Rounsivall,rrounsivallnq@cmu.edu,Marketing,Norway
856,Friedrick,Blair,fblairnr@51.la,Sales,Bosnia and Herzegovina
857,Jodee,Canape,jcanapens@trellian.com,Sales,Indonesia
858,Arch,Kainz,akainznt@tripadvisor.com,Training,Portugal
859,Lidia,Colloby,lcollobynu@harvard.edu,Human Resources,Kenya
860,Meara,Farren,mfarrennv@pbs.org,Marketing,China
861,Kalli,Wile,kwilenw@twitter.com,Sales,Indonesia
862,Wye,Wallworke,wwallworkenx@discuz.net,Training,China
863,Gordan,Lynskey,glynskeyny@ehow.com,Engineering,Portugal
864,Leland,Gareisr,lgareisrnz@seattletimes.com,Human Resources,Indonesia
865,Florella,Makey,fmakeyo0@blogs.com,Business Development,United States
866,Carol,Woolveridge,cwoolveridgeo1@furl.net,Support,Poland
867,Lambert,Ackermann,lackermanno2@goo.ne.jp,Engineering,Malaysia
868,Illa,Bilovus,ibilovuso3@godaddy.com,Engineering,United States
869,Beatrix,Griston,bgristono4@theguardian.com,Legal,Germany
870,Cristin,Jarrell,cjarrello5@xrea.com,Business Development,Russia
871,Eulalie,Pritchett,epritchetto6@vinaora.com,Business Development,France
872,Harbert,Polgreen,hpolgreeno7@delicious.com,Accounting,Brazil
873,Emilia,Elcomb,eelcombo8@list-manage.com,Business Development,Republic of the Congo
874,Lizette,Voden,lvodeno9@dion.ne.jp,Marketing,Poland
875,Coreen,Mocher,cmocheroa@stumbleupon.com,Marketing,China
876,Rhea,Coxhell,rcoxhellob@usnews.com,Human Resources,China
877,Elna,Dubock,edubockoc@wp.com,Marketing,Norway
878,Maude,Aimson,maimsonod@yahoo.co.jp,Sales,Nicaragua
879,Lazarus,Phillot,lphillotoe@wsj.com,Engineering,Brazil
880,Knox,Davion,kdavionof@netvibes.com,Accounting,France
881,Joana,Rippen,jrippenog@epa.gov,Marketing,Uruguay
882,Audrie,Bartholin,abartholinoh@youtube.com,Accounting,Ghana
883,Jose,Thickins,jthickinsoi@so-net.ne.jp,Marketing,Ukraine
884,Burk,Hentzer,bhentzeroj@php.net,Services,France
885,Yasmeen,Nudde,ynuddeok@ask.com,Training,Pakistan
886,Marla,Larroway,mlarrowayol@ibm.com,Support,Ireland
887,Joli,Duffus,jduffusom@shop-pro.jp,Marketing,China
888,Daveta,Flacke,dflackeon@sina.com.cn,Marketing,China
889,Leah,Wisedale,lwisedaleoo@home.pl,Sales,China
890,Eyde,Stidston,estidstonop@sakura.ne.jp,Support,China
891,Rivalee,Deakes,rdeakesoq@engadget.com,Services,China
892,Allyson,Hanaford,ahanafordor@prlog.org,Business Development,Czech Republic
893,Aimil,Barg,abargos@pen.io,Sales,Russia
894,Bank,Haddleston,bhaddlestonot@liveinternet.ru,Marketing,Russia
895,Danella,Baelde,dbaeldeou@live.com,Sales,Russia
896,Giffer,Gales,ggalesov@msu.edu,Services,Japan
897,Robby,Annand,rannandow@state.gov,Training,Nicaragua
898,Neal,Walas,nwalasox@dailymail.co.uk,Training,United States
899,Helenelizabeth,Oret,horetoy@yahoo.co.jp,Legal,Greece
900,Des,Vasilyev,dvasilyevoz@cdc.gov,Research and Development,China
901,Robbin,Rickell,rrickellp0@cafepress.com,Product Management,Poland
902,Modestia,Leivers,mleiversp1@etsy.com,Sales,Poland
903,Joann,Alldritt,jalldrittp2@bing.com,Marketing,Philippines
904,Son,Wyllcock,swyllcockp3@europa.eu,Human Resources,Malaysia
905,Xaviera,Neylon,xneylonp4@macromedia.com,Product Management,Azerbaijan
906,Lowe,Lief,lliefp5@dion.ne.jp,Support,United States
907,Jennette,Vallack,jvallackp6@merriam-webster.com,Accounting,China
908,Vanya,Grimes,vgrimesp7@yandex.ru,Human Resources,China
909,Sapphira,Rubke,srubkep8@github.io,Sales,China
910,Kati,Stubbert,kstubbertp9@cbsnews.com,Marketing,France
911,Corrie,Charter,ccharterpa@mayoclinic.com,Support,Japan
912,Emerson,Jeffress,ejeffresspb@google.ca,Sales,Croatia
913,Jeanette,Mogg,jmoggpc@dailymail.co.uk,Sales,Indonesia
914,Deedee,Lacotte,dlacottepd@skype.com,Marketing,France
915,Judah,McIlroy,jmcilroype@issuu.com,Marketing,Greece
916,Edna,Higgen,ehiggenpf@amazon.de,Services,Brazil
917,Parsifal,Dalley,pdalleypg@seesaa.net,Services,China
918,Jinny,Kubacek,jkubacekph@odnoklassniki.ru,Marketing,Philippines
919,Kurtis,Zotto,kzottopi@adobe.com,Training,Armenia
920,Desirae,Oldman,doldmanpj@loc.gov,Product Management,Ukraine
921,Noam,Grimme,ngrimmepk@bloglines.com,Marketing,Latvia
922,Florella,Hanalan,fhanalanpl@gizmodo.com,Training,Philippines
923,Kippy,Houlridge,khoulridgepm@usnews.com,Research and Development,Indonesia
924,Sergent,Haye,shayepn@jimdo.com,Support,Poland
925,Tammi,Pedron,tpedronpo@ebay.com,Support,Indonesia
926,Scotti,Pabelik,spabelikpp@canalblog.com,Business Development,China
927,Marshall,Dobrowski,mdobrowskipq@google.com.br,Services,Argentina
928,Zerk,Glader,zgladerpr@drupal.org,Research and Development,Burundi
929,Carolina,De Angelis,cdeangelisps@marketwatch.com,Services,Tanzania
930,Jan,Briston,jbristonpt@mapy.cz,Marketing,Peru
931,Katrine,Mieville,kmievillepu@chronoengine.com,Sales,Yemen
932,Ab,Thornber,athornberpv@biglobe.ne.jp,Business Development,Indonesia
933,Shayne,Josselson,sjosselsonpw@mediafire.com,Human Resources,Russia
934,Licha,Pentycost,lpentycostpx@ted.com,Human Resources,Venezuela
935,Erik,Vany,evanypy@sun.com,Marketing,Honduras
936,Cristabel,MacHoste,cmachostepz@reverbnation.com,Marketing,Malta
937,Hebert,Albutt,halbuttq0@tinyurl.com,Sales,China
938,Tom,Landreth,tlandrethq1@businessinsider.com,Marketing,Sweden
939,Elysha,Harrad,eharradq2@1688.com,Legal,China
940,Alano,Buckberry,abuckberryq3@google.com.br,Services,Chile
941,Lyndell,Delatour,ldelatourq4@utexas.edu,Marketing,Vietnam
942,Lorrie,Lambrecht,llambrechtq5@reuters.com,Business Development,American Samoa
943,Herculie,Bison,hbisonq6@blinklist.com,Marketing,Albania
944,Neron,Meiklam,nmeiklamq7@hud.gov,Support,Bulgaria
945,Sibley,Dymock,sdymockq8@fema.gov,Sales,Indonesia
946,Annie,Domanski,adomanskiq9@g.co,Product Management,Greenland
947,Emlyn,Kemmey,ekemmeyqa@microsoft.com,Services,China
948,Ogden,Lunk,olunkqb@wiley.com,Business Development,Brazil
949,Shari,Gibbon,sgibbonqc@dell.com,Business Development,"Bonaire, Saint Eustatius and Saba "
950,Emily,Sayward,esaywardqd@sfgate.com,Sales,Dominican Republic
951,Angel,Baggett,abaggettqe@free.fr,Research and Development,Ukraine
952,Graig,Perrat,gperratqf@businessinsider.com,Sales,Bulgaria
953,Dame,Jzhakov,djzhakovqg@bravesites.com,Legal,Indonesia
954,Beau,Brothwood,bbrothwoodqh@japanpost.jp,Business Development,Philippines
955,Dalston,Flohard,dflohardqi@yale.edu,Support,United States
956,Linette,Andreaccio,landreaccioqj@engadget.com,Product Management,Poland
957,Jemmie,Kremer,jkremerqk@admin.ch,Business Development,Indonesia
958,Cristal,Lenham,clenhamql@google.com.br,Research and Development,Indonesia
959,Martha,Dorey,mdoreyqm@technorati.com,Research and Development,Ukraine
960,Merrilee,Vasilic,mvasilicqn@go.com,Sales,Slovenia
961,Nappie,Soreau,nsoreauqo@is.gd,Engineering,China
962,Emelita,Rolland,erollandqp@csmonitor.com,Product Management,China
963,Allys,Limon,alimonqq@senate.gov,Product Management,Russia
964,Deirdre,Jeroch,djerochqr@usda.gov,Product Management,Portugal
965,Axel,Elgee,aelgeeqs@geocities.jp,Human Resources,China
966,Baxie,Leisman,bleismanqt@liveinternet.ru,Accounting,Argentina
967,Salim,Sidon,ssidonqu@cafepress.com,Product Management,Sweden
968,Corry,Relph,crelphqv@rambler.ru,Marketing,Indonesia
969,Conrad,Sampson,csampsonqw@dropbox.com,Business Development,France
970,Eli,Radolf,eradolfqx@reference.com,Training,Philippines
971,Kaiser,Rex,krexqy@paginegialle.it,Services,Morocco
972,Leontyne,Jovicevic,ljovicevicqz@g.co,Training,Japan
973,Jose,Bathersby,jbathersbyr0@last.fm,Human Resources,Nicaragua
974,Sholom,Arkow,sarkowr1@ebay.co.uk,Legal,Indonesia
975,Rustie,Lowless,rlowlessr2@t-online.de,Support,Poland
976,Bert,Gooderson,bgoodersonr3@uiuc.edu,Product Management,Philippines
977,Valaria,Bickford,vbickfordr4@delicious.com,Business Development,Portugal
978,Nickey,Chessill,nchessillr5@1688.com,Support,Tunisia
979,Kelby,Garbott,kgarbottr6@123-reg.co.uk,Support,Argentina
980,Jay,Pfeffer,jpfefferr7@tiny.cc,Training,Sweden
981,Court,Cadding,ccaddingr8@shareasale.com,Legal,China
982,Gonzalo,Heimann,gheimannr9@irs.gov,Human Resources,Portugal
983,Adolpho,Biasotti,abiasottira@npr.org,Marketing,Japan
984,Tobey,Huxstep,thuxsteprb@meetup.com,Marketing,Ethiopia
985,Felice,Coupar,fcouparrc@hc360.com,Training,Sweden
986,Marris,Witherspoon,mwitherspoonrd@mozilla.org,Business Development,Ivory Coast
987,Celestyn,Advani,cadvanire@list-manage.com,Support,China
988,Sarette,Schaumaker,sschaumakerrf@diigo.com,Research and Development,Kazakhstan
989,Inness,Morin,imorinrg@bbc.co.uk,Legal,Brazil
990,Robina,Hammant,rhammantrh@vinaora.com,Sales,Russia
991,Kari,Giovanetti,kgiovanettiri@diigo.com,Support,Afghanistan
992,Aurthur,Frowde,afrowderj@globo.com,Human Resources,Philippines
993,Charlotta,Barfield,cbarfieldrk@umn.edu,Product Management,Philippines
994,Ruthie,Alden,raldenrl@jimdo.com,Product Management,Indonesia
995,Marlo,Scranney,mscranneyrm@squarespace.com,Legal,France
996,Barth,Mattheus,bmattheusrn@netvibes.com,Training,China
997,Timofei,Menham,tmenhamro@liveinternet.ru,Product Management,Honduras
998,Kelcie,Rubin,krubinrp@51.la,Support,Indonesia
999,Nikaniki,Mulhall,nmulhallrq@about.me,Accounting,China
1000,Wakefield,Vautrey,wvautreyrr@toplist.cz,Sales,Indonesia
